{
  "reward_distribution": {
    "bins": [
      -11.23338150052972,
      -10.781683904019904,
      -10.32998630751009,
      -9.878288711000277,
      -9.42659111449046,
      -8.974893517980647,
      -8.523195921470831,
      -8.071498324961016,
      -7.619800728451202,
      -7.168103131941387,
      -6.716405535431573,
      -6.264707938921758,
      -5.813010342411943,
      -5.361312745902128,
      -4.909615149392314,
      -4.457917552882499,
      -4.006219956372684,
      -3.5545223598628692,
      -3.1028247633530546,
      -2.6511271668432395,
      -2.1994295703334252,
      -1.747731973823611,
      -1.296034377313796,
      -0.8443367808039808,
      -0.39263918429416567,
      0.05905841221564856,
      0.5107560087254628,
      0.9624536052352779,
      1.4141512017450928
    ],
    "counts": [
      1,
      0,
      0,
      0,
      1,
      0,
      1,
      0,
      1,
      1,
      1,
      3,
      2,
      1,
      4,
      4,
      9,
      16,
      13,
      19,
      24,
      68,
      109,
      477,
      4256,
      3080,
      1593,
      298,
      18
    ]
  },
  "learning_curves": {
    "episodes": [
      0,
      100,
      200,
      300,
      400,
      500,
      600,
      700,
      800,
      900,
      1000,
      1100,
      1200,
      1300,
      1400,
      1500,
      1600,
      1700,
      1800,
      1900,
      2000,
      2100,
      2200,
      2300,
      2400,
      2500,
      2600,
      2700,
      2800,
      2900,
      3000,
      3100,
      3200,
      3300,
      3400,
      3500,
      3600,
      3700,
      3800,
      3900,
      4000,
      4100,
      4200,
      4300,
      4400,
      4500,
      4600,
      4700,
      4800,
      4900,
      5000,
      5100,
      5200,
      5300,
      5400,
      5500,
      5600,
      5700,
      5800,
      5900,
      6000,
      6100,
      6200,
      6300,
      6400,
      6500,
      6600,
      6700,
      6800,
      6900,
      7000,
      7100,
      7200,
      7300,
      7400,
      7500,
      7600,
      7700,
      7800,
      7900,
      8000,
      8100,
      8200,
      8300,
      8400,
      8500,
      8600,
      8700,
      8800,
      8900,
      9000,
      9100,
      9200,
      9300,
      9400,
      9500,
      9600,
      9700,
      9800,
      9900
    ],
    "rewards_ma": [
      -0.24887596215974966,
      -0.17762585092410102,
      -0.1681070931365405,
      -0.1383295139925404,
      -0.14788334654648075,
      -0.12049537683151362,
      -0.13298547139751732,
      -0.07694170093344836,
      -0.10958494180773522,
      -0.11682646784659324,
      -0.31497368692033567,
      -0.13631811915780753,
      -0.22258281270249042,
      -0.13583970573259316,
      -0.21309778222067166,
      -0.2855934883137077,
      -0.12994455112550232,
      -0.22434945729166803,
      -0.09159793965946056,
      -0.2626521081933598,
      -0.1391623962532785,
      -0.12392029606925327,
      -0.09087217634226147,
      -0.14860790827877618,
      -0.1498542734253985,
      -0.09512173986373136,
      -0.09941754365433042,
      -0.21270196955372853,
      -0.09746349669176523,
      -0.13275399053210993,
      -0.1783940638681201,
      -0.17559999020545564,
      -0.10562037185063827,
      -0.14295569304462177,
      -0.1543381012194271,
      -0.13523431749624165,
      -0.19977231004769735,
      -0.11821160618466882,
      -0.05407680697663096,
      -0.14449250877361589,
      -0.1021547368598036,
      -0.27042657258725444,
      -0.25394786676595194,
      -0.16385651544999674,
      -0.18476271872489392,
      -0.21849266236900125,
      -0.1833266674977678,
      -0.12901023681159873,
      -0.1904103840205626,
      -0.16003190523609287,
      -0.18895403900687552,
      -0.1503082883374815,
      -0.15832592381698218,
      -0.3367953384723366,
      -0.16793660511807992,
      -0.12364227437886885,
      -0.18100665951095526,
      -0.21193216783471666,
      -0.1365622618330332,
      -0.24637490080205887,
      -0.1145681823732213,
      -0.06280003470618525,
      -0.05676480302560751,
      -0.08095601895025627,
      -0.059819508299461005,
      -0.09750571833043443,
      -0.04971966375391002,
      -0.13626328659209513,
      -0.03540606797338639,
      -0.09758193160655006,
      -0.09765418131820174,
      -0.021596303153637933,
      -0.06821532100358911,
      -0.051653654225929345,
      -0.05883904032205471,
      -0.09972984675036617,
      -0.14211217961612857,
      -0.13724613213047887,
      -0.08458188495821092,
      -0.18633010817217407,
      -0.04875786133656224,
      -0.1603565498983404,
      -0.1560028226538826,
      -0.09796451621297095,
      -0.07206562333155211,
      -0.17654445486638465,
      -0.06023834146141471,
      -0.08775880064841138,
      -0.21446400065140037,
      -0.05821344248215436,
      -0.023359160440084528,
      -0.09181322342880056,
      -0.10432443436216034,
      -0.025585082420547557,
      -0.07247144068652372,
      -0.07461730750464247,
      -0.11256606909284203,
      -0.14827720178466486,
      -0.0096481236162974,
      -0.18536411734137548
    ],
    "accuracy_episodes": [
      0,
      17,
      34,
      51,
      68,
      85,
      102,
      119,
      136,
      153,
      170,
      187,
      204,
      221,
      238,
      255,
      272,
      289,
      306,
      323
    ],
    "accuracies_ma": [
      0.35714285714285715,
      0.17857142857142858,
      0.17857142857142858,
      0.25,
      0.35714285714285715,
      0.17857142857142858,
      0.39285714285714285,
      0.14285714285714285,
      0.2857142857142857,
      0.21428571428571427,
      0.32142857142857145,
      0.32142857142857145,
      0.32142857142857145,
      0.25,
      0.39285714285714285,
      0.39285714285714285,
      0.39285714285714285,
      0.35714285714285715,
      0.2857142857142857,
      0.32142857142857145
    ]
  },
  "checkpoints": {
    "episodes": [
      1000,
      2000,
      3000,
      4000,
      5000,
      6000,
      7000,
      8000,
      9000,
      10000
    ],
    "rewards": [
      -0.2159000773834644,
      -0.20090725222331915,
      -0.155574027200115,
      -0.12332362281670976,
      -0.17449297212148415,
      -0.18047154158764006,
      -0.09761805646237588,
      -0.11754398475436816,
      -0.040786301461119445,
      -0.18536411734137548
    ],
    "accuracies": [
      0.0,
      0.0,
      0.0,
      0.0,
      1.0,
      0.0,
      1.0,
      1.0,
      0.0,
      1.0
    ]
  },
  "hyperparameters": {
    "learning_rates": [
      0.0001,
      0.0005,
      0.001,
      0.005,
      0.01
    ],
    "lr_performance": [
      0.22,
      0.25,
      0.29,
      0.27,
      0.24
    ],
    "epsilon_decays": [
      0.99,
      0.995,
      0.999,
      0.9995,
      0.9999
    ],
    "epsilon_performance": [
      0.28,
      0.29,
      0.3,
      0.29,
      0.28
    ],
    "batch_sizes": [
      16,
      32,
      64,
      128
    ],
    "batch_performance": [
      0.26,
      0.29,
      0.28,
      0.27
    ]
  }
}